anio,semana,registros,comparaciones,por_revisar,tallos_estimados,tallos_reales,diferencia_tallos,error_absoluto_total,MAE_tallos,WAPE_pct,sesgo_pct,cobertura_pct
2021,1,144,0,144,,1485495,,,,,,0.0
2021,2,146,0,146,,1471021,,,,,,0.0
2021,3,141,0,141,,1315154,,,,,,0.0
2021,4,141,0,141,,1201597,,,,,,0.0
2021,5,145,0,145,,1084716,,,,,,0.0
2021,6,173,0,173,,1215941,,,,,,0.0
2021,7,183,0,183,,1159668,,,,,,0.0
2021,8,186,0,186,,1000619,,,,,,0.0
2021,9,188,0,188,,912221,,,,,,0.0
2021,10,197,0,197,,1028006,,,,,,0.0
2021,11,195,0,195,,1041428,,,,,,0.0
2021,12,197,0,197,,1257204,,,,,,0.0
2021,13,194,0,194,,1602198,,,,,,0.0
2021,14,192,0,192,,1614963,,,,,,0.0
2021,15,187,0,187,,2261226,,,,,,0.0
2021,16,184,0,184,,2287551,,,,,,0.0
2021,17,169,0,169,,1852627,,,,,,0.0
2021,18,160,0,160,,2095841,,,,,,0.0
2021,19,147,0,147,,1697264,,,,,,0.0
2021,20,144,0,144,,1402589,,,,,,0.0
2021,21,142,0,142,,1108805,,,,,,0.0
2021,22,143,0,143,,1105414,,,,,,0.0
2021,23,144,0,144,,1019348,,,,,,0.0
2021,24,145,0,145,,1126380,,,,,,0.0
2021,25,151,0,151,,1009842,,,,,,0.0
2021,26,155,0,155,,1167300,,,,,,0.0
2021,27,160,0,160,,1280977,,,,,,0.0
2021,28,165,0,165,,1440966,,,,,,0.0
2021,29,172,0,172,,1370247,,,,,,0.0
2021,30,181,0,181,,1361780,,,,,,0.0
2021,31,183,0,183,,1239543,,,,,,0.0
2021,32,190,0,190,,1289948,,,,,,0.0
2021,33,190,0,190,,1188387,,,,,,0.0
2021,34,193,0,193,,1262824,,,,,,0.0
2021,35,196,0,196,,1193531,,,,,,0.0
2021,36,199,0,199,,1142456,,,,,,0.0
2021,37,202,0,202,,1089770,,,,,,0.0
2021,38,192,0,192,,1207166,,,,,,0.0
2021,39,159,0,159,,1376790,,,,,,0.0
2021,40,158,0,158,,1594169,,,,,,0.0
2021,41,159,0,159,,1606472,,,,,,0.0
2021,42,163,0,163,,3001379,,,,,,0.0
2021,43,166,0,166,,1746450,,,,,,0.0
2021,44,157,0,157,,1250941,,,,,,0.0
2021,45,156,0,156,,1228848,,,,,,0.0
2021,46,156,0,156,,1271609,,,,,,0.0
2021,47,156,0,156,,1118794,,,,,,0.0
2021,48,157,0,157,,1316374,,,,,,0.0
2021,49,158,0,158,,1187265,,,,,,0.0
2021,50,157,0,157,,1130281,,,,,,0.0
2021,51,156,0,156,,1213734,,,,,,0.0
2021,52,156,0,156,,1296884,,,,,,0.0
2022,1,153,0,153,,1486514,,,,,,0.0
2022,2,152,0,152,,1299157,,,,,,0.0
2022,3,152,0,152,,1612764,,,,,,0.0
2022,4,151,0,151,,1501935,,,,,,0.0
2022,5,179,0,179,,1266587,,,,,,0.0
2022,7,206,0,206,,1240345,,,,,,0.0
2022,8,206,0,206,,1046128,,,,,,0.0
2022,9,197,0,197,,1075833,,,,,,0.0
2022,10,211,0,211,,1124616,,,,,,0.0
2022,11,207,0,207,,1014483,,,,,,0.0
2022,12,200,0,200,,1237282,,,,,,0.0
2022,13,191,0,191,,1351701,,,,,,0.0
2022,14,193,0,193,,1700725,,,,,,0.0
2022,15,184,0,184,,1922840,,,,,,0.0
2022,16,169,0,169,,1727067,,,,,,0.0
2022,17,168,0,168,,1542606,,,,,,0.0
2022,18,165,0,165,,1540334,,,,,,0.0
2022,19,168,0,168,,1326826,,,,,,0.0
2022,20,166,0,166,,1178040,,,,,,0.0
2022,21,169,0,169,,1145892,,,,,,0.0
2022,22,165,0,165,,1046544,,,,,,0.0
2022,23,160,0,160,,1035927,,,,,,0.0
2022,24,169,0,169,,1045884,,,,,,0.0
2022,25,174,0,174,,990085,,,,,,0.0
2022,26,169,0,169,,1064501,,,,,,0.0
2022,27,182,0,182,,1187496,,,,,,0.0
2022,28,179,0,179,,1302160,,,,,,0.0
2022,29,190,0,190,,1268544,,,,,,0.0
2022,30,187,0,187,,1312420,,,,,,0.0
2022,31,192,0,192,,1353247,,,,,,0.0
2022,32,193,0,193,,1215449,,,,,,0.0
2022,33,191,0,191,,1356574,,,,,,0.0
2022,34,195,0,195,,1004733,,,,,,0.0
2022,35,195,0,195,,1135781,,,,,,0.0
2022,36,198,0,198,,1199040,,,,,,0.0
2022,37,196,0,196,,1241453,,,,,,0.0
2022,38,199,0,199,,1277637,,,,,,0.0
2022,39,201,0,201,,1355435,,,,,,0.0
2022,40,207,0,207,,1403353,,,,,,0.0
2022,41,206,0,206,,1322315,,,,,,0.0
2022,42,202,0,202,,1376480,,,,,,0.0
2022,43,207,0,207,,1465587,,,,,,0.0
2022,44,199,0,199,,1491742,,,,,,0.0
2022,45,195,0,195,,1290657,,,,,,0.0
2022,46,202,0,202,,1422800,,,,,,0.0
2022,47,198,0,198,,1716811,,,,,,0.0
2022,48,223,0,223,,1426537,,,,,,0.0
2022,49,224,0,224,,1239373,,,,,,0.0
2022,50,218,0,218,,1130054,,,,,,0.0
2022,51,221,0,221,,1172831,,,,,,0.0
2022,52,223,0,223,,1350551,,,,,,0.0
2023,1,230,154,76,1423240.0,1324862,-115095.0,338619.0,2198.8246753246754,25.944933321584955,-8.81856038984174,66.95652173913044
2023,2,226,154,72,1587310.0,1560218,-42939.0,395293.0,2566.8376623376626,25.630579839729855,-2.784141049141169,68.14159292035397
2023,3,167,139,28,1492220.0,1107706,-308369.0,578763.0,4163.762589928057,52.55313990580146,-28.00068283496369,83.23353293413174
2023,4,220,0,220,,1557969,,,,,,0.0
2023,5,225,151,74,1315120.0,1568199,239304.0,325506.0,2155.6688741721855,20.989228951834637,15.430764548394919,67.11111111111111
2023,6,229,151,78,1395400.0,1340175,-66442.0,223416.0,1479.5761589403974,16.85957448092982,-5.013892682985727,65.93886462882097
2023,7,227,151,76,1216940.0,1404869,175966.0,293522.0,1943.8543046357615,21.139411713021044,12.673045705240021,66.51982378854625
2023,8,232,151,81,1205090.0,1486345,262202.0,343156.0,2272.5562913907283,23.453362694803374,17.920475251205968,65.08620689655173
2023,9,224,151,73,1210870.0,1394010,166293.0,301245.0,1995.0,21.944428863540175,12.113744324402683,67.41071428571429
2023,10,223,149,74,1432250.0,1376529,-73370.0,287066.0,1926.6174496644296,21.187246291239205,-5.415159790390435,66.81614349775785
2023,11,224,149,75,1433180.0,1338285,-32654.0,790364.0,5304.456375838926,59.90619523760438,-2.475032895335229,66.51785714285714
2023,12,215,151,64,1455280.0,1709293,238370.0,434518.0,2877.6026490066224,25.72406239824764,14.111831394488354,70.23255813953489
2023,13,207,151,56,1716620.0,1740374,12244.0,367602.0,2434.4503311258277,21.325541083350156,0.7103060511763791,72.94685990338165
2023,14,207,152,55,1835701.5281670801,2049731,200265.0,399807.0,2630.309210526316,19.679851148504472,9.8577198254539,73.42995169082126
2023,15,192,0,192,,2143530,,,,,,0.0
2023,16,201,151,50,1614866.9909258052,2116872,489175.0090741947,606719.0090741947,4018.006682610561,28.886594463117287,23.290188534195032,75.12437810945273
2023,17,203,151,52,1584549.0,1828393,234703.0,384017.0,2543.158940397351,21.157471838117246,12.93099553619145,74.38423645320196
2023,18,208,150,58,1493420.0,1876505,370845.0,490595.0,3270.633333333333,26.381252234981595,19.941816539267116,72.11538461538461
2023,19,215,150,65,1423180.0,1911516,473310.0,499718.0,3331.4533333333334,26.413273288511142,25.017442597995686,69.76744186046511
2023,20,216,148,68,1412620.0,1789572,362115.0,501961.0,3391.6283783783783,28.348407537196056,20.450560093974932,68.51851851851852
2023,21,219,146,73,1416430.0,1671947,242415.0,386873.0,2649.8150684931506,23.383712461203235,14.652257087681441,66.66666666666666
2023,22,220,145,75,1414610.0,1571340,145977.0,326575.0,2252.2413793103447,21.00989007242083,9.391290585935161,65.9090909090909
2023,23,225,145,80,1363080.0,1267930,-111737.0,286623.0,1976.7103448275861,23.014478044456293,-8.97195526267401,64.44444444444444
2023,24,221,143,78,1343860.0,1146729,-207396.0,334770.0,2341.048951048951,29.654951261599955,-18.371772476180016,64.70588235294117
2023,25,229,144,85,1184730.0,1058935,-140743.0,304023.0,2111.2708333333335,29.2953178253341,-13.561838797364006,62.882096069869
2023,26,236,144,92,1126770.0,1354302,189834.0,302762.0,2102.5138888888887,23.093903603650332,14.480047353021044,61.016949152542374
2023,27,244,143,101,1202100.0,1476352,227108.0,363694.0,2543.3146853146854,25.559011580102858,15.960274301841656,58.606557377049185
2023,28,249,146,103,1423700.0,1545980,88287.0,314609.0,2154.8561643835615,20.898878494367228,5.864737771749059,58.63453815261044
2023,29,247,152,95,1391700.0,1513578,101347.0,294467.0,1937.282894736842,19.79680620553203,6.81348646371938,61.53846153846154
2023,30,251,153,98,1426080.0,1666605,211381.0,400299.0,2616.3333333333335,24.545255542931006,12.961313073278472,60.95617529880478
2023,31,250,154,96,1420260.0,1573882,116587.0,382391.0,2483.0584415584417,24.969261097511048,7.612865479510554,61.6
2023,32,235,0,235,,1672650,,,,,,0.0
2023,33,237,150,87,1413938.0,1476996,15606.0,323786.0,2158.5733333333333,22.724758846054506,1.0952993228599341,63.29113924050633
2023,34,235,150,85,1369560.0,1505378,75993.0,257519.0,1716.7933333333333,17.86647684501992,5.272337865880184,63.829787234042556
2023,35,235,150,85,1341050.0,1422600,14723.0,293137.0,1954.2466666666667,21.68537173031271,1.0891621596229544,63.829787234042556
2023,36,236,151,85,1371200.0,1268693,-166561.0,306409.0,2029.1986754966888,25.52580871700757,-13.875585331088505,63.983050847457626
2023,37,223,162,61,1246720.0,1386933,119679.0,283803.0,1751.8703703703704,20.85837401947202,8.795923032090542,72.6457399103139
2023,38,213,164,49,1331870.6792878439,1349673,10596.320712156172,355632.3207121562,2168.4897604399766,26.568931423285164,0.7916404160809736,76.99530516431925
2023,39,218,164,54,1397190.0,1511196,104222.0,298746.0,1821.621951219512,19.949089908663666,6.959537695770803,75.22935779816514
2023,40,201,163,38,1492670.0,1582947,75821.0,259281.0,1590.6809815950921,16.572336551103486,4.846213681840233,81.09452736318407
2023,41,206,163,43,1582620.0,1519772,-77377.0,306165.0,1878.3128834355828,20.393420871209017,-5.154023898066534,79.12621359223301
2023,42,203,0,203,,1405485,,,,,,0.0
2023,43,214,167,47,1500708.5,1436715,-68284.0,315048.0,1886.5149700598802,22.086359229324533,-4.787032304966851,78.03738317757009
2023,44,215,168,47,1481380.0,1549909,61924.0,341842.0,2034.7738095238096,22.225039561951352,4.026021816611989,78.13953488372093
2023,45,206,0,206,,1601631,,,,,,0.0
2023,46,217,167,50,1521488.0,1725433,197309.0,345011.0,2065.934131736527,20.135140419159406,11.515123926378935,76.95852534562212
2023,47,237,167,70,1565203.0,1549489,-24633.0,304805.0,1825.179640718563,19.854610356406557,-1.6045623165937655,70.46413502109705
2023,48,233,167,66,1418640.0,1314157,-118484.0,312922.0,1873.7844311377246,24.16878807726054,-9.151209204038507,71.67381974248927
2023,49,244,166,78,1186240.0,1155020,-46491.0,246469.0,1484.7530120481927,21.725494482440684,-4.098040581100056,68.0327868852459
2023,50,235,164,71,1155870.0,1125262,-48768.0,278574.0,1698.621951219512,25.285555571692058,-4.426565200342739,69.7872340425532
2023,51,240,164,76,1064590.0,1315116,226884.0,347724.0,2120.268292682927,27.047940858006946,17.648321696598586,68.33333333333333
2023,52,241,162,79,1216540.0,1592184,353807.0,485349.0,2995.9814814814813,31.031612221371862,22.621251151659767,67.21991701244814
2024,1,226,162,64,1515690.0,1546558,16284.0,364938.0,2252.703703703704,23.931553310197753,1.0678564964549053,71.68141592920354
2024,2,226,162,64,1707600.0,1871021,148015.0,479549.0,2960.179012345679,25.92500087849472,8.001870517987516,71.68141592920354
2024,3,217,162,55,1763350.0,1827404,53026.0,392994.0,2425.8888888888887,21.707986119933757,2.9290209824974616,74.65437788018433
2024,4,218,162,56,1669240.0,1758701,79901.0,278059.0,1716.4135802469136,15.953254260996086,4.584210432706183,74.31192660550458
2024,5,212,160,52,1542990.0,1619542,67279.0,258641.0,1616.50625,16.126872051123932,4.195003208027988,75.47169811320755
2024,6,208,160,48,1579390.0,1457017,-132573.0,286177.0,1788.60625,19.865856511450165,-9.202962485777972,76.92307692307693
2024,7,208,158,50,1443760.0,1630608,173154.0,286252.0,1811.7215189873418,17.775829263809474,10.752609380355999,75.96153846153845
2024,8,209,155,54,1471070.0,1867311,381550.0,438676.0,2830.1677419354837,23.760121759005994,20.665991431372444,74.16267942583733
2024,9,212,154,58,1486830.0,1770275,267974.0,400618.0,2601.4155844155844,22.909685226147207,15.324323891566458,72.64150943396226
2024,10,209,153,56,1517250.0,2164465,625099.0,669969.0,4378.882352941177,31.361053106081567,29.26070151836649,73.20574162679426
2024,11,199,152,47,1690814.1,1863493,159547.89999999997,444447.9,2923.999342105263,24.10222384669948,8.652215929180503,76.38190954773869
2024,12,202,152,50,2001560.54,2296390,273246.46,432278.04,2843.9344736842104,19.054358591889386,12.044414823395517,75.24752475247524
2024,13,203,154,49,2191277.12,2212080,7143.880000000001,406733.16000000003,2641.1244155844156,18.5533896747195,0.3258725928061414,75.86206896551724
2024,14,196,151,45,2198900.3,1850829,-358847.30000000005,564972.37,3741.5388741721854,30.802063348495235,-19.56420854180263,77.04081632653062
2024,15,210,153,57,1847138.4,2244165,384219.6,514417.6,3362.2065359477124,23.12012073827247,17.268467373609987,72.85714285714285
2024,16,220,153,67,1659935.6,2173072,496867.4,574013.4,3751.7215686274512,26.690315407996586,23.10320215861024,69.54545454545455
2024,17,214,153,61,1671531.8734545454,1963246,274297.12654545455,468505.67345454544,3062.1285846702317,24.15053635472793,14.139471733155245,71.49532710280374
2024,18,214,154,60,1540522.5963636364,1633137,84137.40363636364,345381.4036363636,2242.7363872491146,21.33880755958158,5.198287591214638,71.96261682242991
2024,19,220,160,60,1435343.914407345,1293031,-149011.91440734494,316577.5148629417,1978.6094678933855,24.724853199459364,-11.63790078485858,72.72727272727273
2024,20,227,160,67,1317670.0,1246497,-76349.0,292041.0,1825.25625,23.63707294331703,-6.179498365466876,70.48458149779736
2024,21,229,161,68,1220130.0,1202062,-24110.0,278492.0,1729.7639751552795,23.4001327586062,-2.0258291111055096,70.3056768558952
2024,22,231,159,72,1104240.0,1104657,-3819.0,202661.0,1274.5974842767296,18.5118943769462,-0.34884326350682937,68.83116883116884
2024,23,231,161,70,1075244.8821848794,1293980,209298.11781512076,302306.1178151207,1877.6777504044767,23.647723928393415,16.372226088561064,69.6969696969697
2024,24,199,0,199,,1051100,,,,,,0.0
2024,25,194,0,194,,1233765,,,,,,0.0
2024,26,231,164,67,1176630.0,1375592,174391.0,289051.0,1762.5060975609756,21.501635398093164,12.972422509207252,70.995670995671
2024,27,227,163,64,1334890.0,1630118,268135.0,361359.0,2216.9263803680983,22.628851615165683,16.791022578190802,71.80616740088107
2024,28,231,164,67,1475620.0,1606740,109107.0,301963.0,1841.2378048780488,19.137417792500887,6.914841364956616,70.995670995671
2024,29,227,167,60,1493200.0,1346942,-161252.0,345614.0,2069.5449101796407,26.080768627072192,-12.1684194004081,73.568281938326
2024,30,225,167,58,1409320.0,1423273,-524.0,304882.0,1825.6407185628743,21.747522676108982,-0.03737741776254783,74.22222222222223
2024,31,222,166,56,1431970.0,1329672,-117539.0,305409.0,1839.813253012048,23.334665320926238,-8.980525220790314,74.77477477477478
2024,32,215,167,48,1391898.0,1347883,-58443.0,295045.0,1766.7365269461077,22.146784514627786,-4.386871587006699,77.67441860465117
2024,33,186,0,186,,1246793,,,,,,0.0
2024,34,219,167,52,1430930.0,1331610,-113175.0,357261.0,2139.2874251497005,27.150690240871832,-8.600937040456893,76.25570776255708
2024,35,206,168,38,1208470.0,1322275,96752.0,267954.0,1594.9642857142858,20.531426137007966,7.413423727982395,81.55339805825243
2024,36,206,168,38,1291920.0,1567333,250790.0,360758.0,2147.3690476190477,23.40441543781343,16.270168222601384,81.55339805825243
2024,37,207,168,39,1368945.0,1504223,106789.0,302219.0,1798.922619047619,20.47923270724941,7.236331208740871,81.15942028985508
2024,38,206,168,38,1452900.0,1805270,321872.0,392144.0,2334.190476190476,22.096702940036245,18.13698531334241,81.55339805825243
2024,39,207,168,39,1565040.0,1722833,129428.0,256948.0,1529.452380952381,15.163933458761097,7.638267586050606,81.15942028985508
2024,40,199,171,28,1621330.0,1771670,145065.0,289503.0,1693.0,16.390224846644003,8.21286123935991,85.92964824120602
2024,41,201,171,30,1568070.0,1847232,272382.0,404638.0,2366.3040935672516,21.98579479388759,14.799733978392265,85.07462686567165
2024,42,200,171,29,1606050.0,1811591,199442.0,320344.0,1873.3567251461989,17.74285204726494,11.046468477669675,85.5
2024,43,201,172,29,1615010.0,2063502,441406.0,552232.0,3210.6511627906975,26.855013699056478,21.465551030809017,85.57213930348259
2024,44,191,173,18,1697150.0,1815315,111024.0,294628.0,1703.0520231213873,16.29422832094699,6.140117046257716,90.57591623036649
2024,45,185,173,12,1696330.0,1924794,224003.0,364057.0,2104.375722543353,18.959396269020875,11.66565027577957,93.51351351351352
2024,46,184,174,10,1635490.0,1663433,25498.0,265598.0,1526.4252873563219,15.992287998227347,1.5352952935594428,94.56521739130434
2024,47,195,176,19,1494280.0,1623570,124020.0,265478.0,1508.3977272727273,16.40474572081814,7.663597602422295,90.25641025641026
2024,48,183,171,12,1414760.0,1322350,-96208.0,255906.0,1496.5263157894738,19.41326139696344,-7.298426189612821,93.44262295081968
2024,49,186,170,16,1247110.0,1311246,59034.0,279862.0,1646.2470588235294,21.4265808364162,4.51971604968518,91.39784946236558
2024,50,189,168,21,1208630.0,1152256,-62015.0,287481.0,1711.1964285714287,25.072147146165015,-5.408528581956454,88.88888888888889
2024,51,190,167,23,1230500.0,1174985,-63738.0,365460.0,2188.3832335329344,31.322583354617308,-5.462810753178454,87.89473684210526
2024,52,196,168,28,1403340.0,1492910,77638.0,406102.0,2417.2738095238096,27.42490771742962,5.243054664507441,85.71428571428571
2025,1,199,169,30,1567780.0,1717855,144424.0,410560.0,2429.3491124260354,24.126830403473285,8.4871720435289,84.92462311557789
2025,2,207,169,38,1787320.0,1767025,-27725.0,372047.0,2201.4615384615386,21.30725242754588,-1.5878197473805984,81.64251207729468
2025,3,212,167,45,1918445.0,1760296,-165551.0,458585.0,2746.017964071856,26.462465463794977,-9.553054766284816,78.77358490566037
2025,4,210,167,43,1758260.0,1578163,-196598.0,333896.0,1999.377245508982,21.438468482698134,-12.622972502699906,79.52380952380952
2025,5,210,167,43,1512800.0,1229016,-296411.0,392079.0,2347.7784431137725,32.23435242970915,-24.369110913980396,79.52380952380952
2025,6,210,167,43,1295330.0,1474094,164481.0,300575.0,1799.8502994011976,20.589994184178636,11.26728049041965,79.52380952380952
2025,7,210,167,43,1255930.0,1215855,-51822.0,218256.0,1306.9221556886228,18.125948835154322,-4.303766771751371,79.52380952380952
2025,8,208,166,42,1171260.0,1330952,146056.0,241392.0,1454.1686746987953,18.33385739219198,11.093034878015807,79.8076923076923
2025,9,207,166,41,1207120.0,1387857,164021.0,264017.0,1590.4638554216867,19.25527717426581,11.962372943409905,80.19323671497585
2025,10,206,169,37,1255050.0,1386471,125720.0,246838.0,1460.5798816568047,17.876836837416803,9.10506456542364,82.03883495145631
2025,11,205,167,38,1424200.0,1674816,245271.0,356981.0,2137.6107784431138,21.384162058643643,14.692420079179524,81.46341463414633
2025,12,202,168,34,1646330.0,1856077,205244.0,441920.0,2630.4761904761904,23.86726104384702,11.084839169268959,83.16831683168317
2025,13,201,168,33,1843620.0,2117237,269523.0,389689.0,2319.5773809523807,18.441203458544926,12.75460297764988,83.5820895522388
2025,14,193,169,24,2085119.0,2139092,50776.0,385016.0,2278.201183431953,18.025979741513513,2.3772704182555793,87.56476683937824
2025,15,190,169,21,2076430.0,2109833,30350.0,372696.0,2205.301775147929,17.69031412867029,1.4405870570254131,88.94736842105263
2025,16,186,168,18,2100800.0,2266641,160082.0,497716.0,2962.595238095238,22.015214204642465,7.0808242457698265,90.32258064516128
2025,17,182,168,14,1941270.0,2210890,263072.0,515174.0,3066.5119047619046,23.3712030652662,11.934432119605628,92.3076923076923
2025,18,182,168,14,1766663.0,2405310,632509.0,687111.0,4089.9464285714284,28.63950562944216,26.363637121473577,92.3076923076923
2025,19,184,167,17,1822553.0,1999097,172494.0,496748.0,2974.5389221556884,24.903044425104575,8.647494796283002,90.76086956521739
2025,20,184,167,17,1745054.0,1886406,136139.0,322475.0,1930.9880239520958,17.142603496192717,7.237078525058315,90.76086956521739
2025,21,183,168,15,1666887.0,1638678,-30065.0,213593.0,1271.3869047619048,13.0492503155505,-1.8367910499736684,91.80327868852459
2025,22,181,168,13,1550045.0,1521480,-31616.0,232514.0,1384.0119047619048,15.312800269225626,-2.0821520136930998,92.81767955801105
2025,23,186,167,19,1490204.0,1446127,-46479.0,213731.0,1279.8263473053892,14.804135136539163,-3.2193804221718123,89.78494623655914
2025,24,192,168,24,1405897.0,1482502,73274.0,202914.0,1207.8214285714287,13.718089389259255,4.953720698959079,87.5
2025,25,186,167,19,1351320.0,1599161,244892.0,300082.0,1796.8982035928143,18.799633131438682,15.342072356303548,89.78494623655914
2025,26,191,167,24,1407110.0,1641636,229830.0,291272.0,1744.1437125748503,17.79368822314807,14.04022138868865,87.43455497382199
2025,27,204,165,39,1407918.0,1642330,224963.0,302631.0,1834.1272727272728,18.53685338213919,13.779507543530498,80.88235294117648
2025,28,204,171,33,1427782.0,1592058,161148.0,234804.0,1373.122807017544,14.782962359491847,10.145673916574642,83.82352941176471
2025,29,208,172,36,1464192.0,1604641,135898.0,259444.0,1508.3953488372092,16.219548180267772,8.495876407247922,82.6923076923077
2025,30,211,172,39,1457796.0,1719691,256295.0,320317.0,1862.3081395348838,18.69529741629877,14.958654243484718,81.51658767772511
2025,31,212,171,41,1474807.0,1655937,175494.0,291250.0,1703.2163742690059,17.6556883142076,10.638514557986433,80.66037735849056
2025,32,210,173,37,1508440.0,1510981,-4086.0,209112.0,1208.7398843930637,13.900451622423976,-0.27161160205643087,82.38095238095238
2025,33,202,0,202,,1503934,,,,,,0.0
2025,34,204,0,204,,1587157,,,,,,0.0
2025,35,212,169,43,1413050.0,1457650,36750.0,233278.0,1380.3431952662722,16.09690797054947,2.5358643674829735,79.71698113207547
2025,36,216,170,46,1447600.0,1589818,134983.0,229343.0,1349.0764705882352,14.496635047214268,8.532195395447532,78.70370370370371
2025,37,216,171,45,1495630.0,1590801,88690.0,241806.0,1414.0701754385964,15.265048451753415,5.598939427417063,79.16666666666666
2025,38,223,170,53,1507770.0,1680010,164255.0,255283.0,1501.664705882353,15.270268249425008,9.825244576839449,76.23318385650224
2025,39,219,170,49,1469060.0,1743292,267239.0,322677.0,1898.1,18.58643191679689,15.39316244731693,77.6255707762557
2025,40,222,171,51,1573640.0,1645894,61735.0,252171.0,1474.6842105263158,15.421652116745916,3.775436879844665,77.02702702702703
2025,41,211,0,211,,1646023,,,,,,0.0
2025,42,212,0,212,,1672698,,,,,,0.0
2025,43,229,171,58,1541630.0,1616504,69940.0,360588.0,2108.7017543859647,22.378561543092264,4.340567612687813,74.67248908296943
2025,44,232,173,59,1587930.0,1645339,52827.0,497637.0,2876.514450867052,30.33600602773563,3.220339706306384,74.56896551724138
2025,45,216,173,43,1600160.0,1668937,64616.0,253456.0,1465.063583815029,15.22710041297538,3.8819926152263795,80.0925925925926
2025,46,245,169,76,1632310.0,1692335,55489.0,298355.0,1765.414201183432,17.694672234449442,3.290910719167988,68.9795918367347
2025,47,251,169,82,1726160.0,1775617,42946.0,255706.0,1513.0532544378698,14.469097855658717,2.4300950173602467,67.33067729083665
2025,48,253,169,84,1657060.0,1625436,-40131.0,272311.0,1611.3076923076924,16.856362725854066,-2.4841548543806513,66.79841897233202
2025,49,255,168,87,1433170.0,1611160,166786.0,297586.0,1771.345238095238,18.611268852926536,10.430931182596645,65.88235294117646
2025,50,233,0,233,,1376563,,,,,,0.0
2025,51,254,169,85,1291395.0,1409925,107784.0,319154.0,1888.4852071005917,22.816939873130394,7.705687684583262,66.53543307086615
2025,52,255,169,86,1411000.0,1406966,-12634.0,335276.0,1983.8816568047337,23.98055669200553,-0.903644618901436,66.27450980392156
2026,1,256,169,87,1443910.0,1393109,-58846.0,324258.0,1918.6863905325445,23.41307662981319,-4.248980464192053,66.015625
2026,2,233,0,233,,1402826,,,,,,0.0
2026,3,256,169,87,1696761.0,1685938,-18283.0,337027.0,1994.2426035502958,20.079800385834925,-1.089286586695487,66.015625
2026,4,254,169,85,1852460.0,2141299,279438.0,371952.0,2200.8994082840236,17.447397750683912,13.107782543595977,66.53543307086615
2026,5,247,169,78,1889900.0,1599395,-297611.0,417093.0,2468.005917159763,26.195540968039143,-18.691469631566815,68.42105263157895
2026,6,236,166,70,1616720.0,2055674,432242.0,483670.0,2913.6746987951806,23.606302302403922,21.096274980452947,70.33898305084746
2026,7,235,164,71,1686230.0,2022570,328925.0,435813.0,2657.3963414634145,21.627631725866284,16.323213776162177,69.7872340425532
2026,8,264,164,100,1721190.0,1733180,5832.0,250288.0,1526.1463414634147,14.500942056022787,0.33788872846770474,62.121212121212125
2026,9,264,162,102,1620650.0,1908099,280953.0,337429.0,2082.895061728395,17.756776227540847,14.784797843268608,61.36363636363637
2026,10,257,161,96,1694490.0,1979964,276348.0,391048.0,2428.8695652173915,19.844430641317633,14.023773856065866,62.64591439688716
2026,11,258,161,97,1894270.0,1811853,-91556.0,343486.0,2133.4534161490683,19.055517892945232,-5.0792375706913635,62.4031007751938
2026,12,258,159,99,2074240.0,2028734,-55560.0,337168.0,2120.553459119497,16.703971780885713,-2.7525526507438727,61.627906976744185
2026,13,262,160,102,2072910.0,2127386,46219.0,354787.0,2217.41875,16.743615554765853,2.1812331548949735,61.06870229007634
2026,14,267,160,107,2238560.0,2295738,47930.0,369526.0,2309.5375,16.162762216351453,2.096418636387494,59.925093632958806
2026,15,261,160,101,2312460.0,2337256,14473.0,385377.0,2408.60625,16.562866793338184,0.6220256297080095,61.30268199233716
2026,16,261,158,103,2358500.0,2252895,-115905.0,374083.0,2367.6139240506327,16.687208791404874,-5.1703256629351815,60.53639846743295
2026,17,224,0,224,,2080953,,,,,,0.0
2026,18,266,156,110,1760340.0,1864363,93812.0,245938.0,1576.525641025641,13.26503533919587,5.059891091415898,58.64661654135338
2026,19,267,155,112,1646590.0,1820877,160448.0,305934.0,1973.7677419354839,16.93126085411734,8.879650321708013,58.052434456928836
2026,20,264,153,111,1592870.0,1957377,353623.0,444919.0,2907.967320261438,22.8596986183549,18.168959303869954,57.95454545454546
2026,21,270,152,118,1629030.0,2051510,410125.0,453575.0,2984.0460526315787,22.2457912870753,20.114766359723873,56.2962962962963
2026,22,262,151,111,1699420.0,2074351,362984.0,413252.0,2736.7682119205297,20.040113979566698,17.602433219340835,57.63358778625955
2026,23,214,151,63,1768670.0,1862827,82406.0,296628.0,1964.4238410596026,16.02462567717371,4.451789121570373,70.56074766355141
2026,24,230,155,75,1644550.0,1947248,289528.0,399654.0,2578.4129032258065,20.66679146425842,14.971987767078051,67.3913043478261
2026,25,220,154,66,1549170.0,1693073,133069.0,311597.0,2023.357142857143,18.52793100598239,7.912442196282604,70.0
2026,26,226,154,72,1516170.0,1814434,283416.0,393406.0,2554.5844155844156,21.860916899775837,15.748955593119751,68.14159292035397
2026,27,220,155,65,1549290.0,1476839,-83884.0,208420.0,1344.6451612903227,14.222679585043327,-5.7242839185863845,70.45454545454545
2026,28,221,155,66,1522020.0,1766658,230556.0,362226.0,2336.941935483871,20.668204973707276,13.155264022787028,70.13574660633483
2026,29,230,155,75,1561650.0,1580491,4476.0,180894.0,1167.058064516129,11.550411652702273,0.285800759325878,67.3913043478261
2026,30,221,155,66,1609650.0,1545676,-78242.0,244870.0,1579.8064516129032,15.989860311556422,-5.10915445132845,70.13574660633483
2026,31,222,157,65,1659320.0,1690876,18077.0,249599.0,1589.8025477707006,14.88049353834634,1.0777073693912507,70.72072072072072
2026,32,223,161,62,1604610.0,1547693,-61778.0,200284.0,1244.0,12.981581922075765,-4.004194883175874,72.19730941704036
2026,33,224,161,63,1583990.0,1904623,314186.0,360796.0,2240.968944099379,19.00751036784787,16.551995178529282,71.875
2026,34,223,161,62,1719730.0,1589523,-134974.0,228204.0,1417.416149068323,14.399945480566092,-8.517020916784666,72.19730941704036
2026,35,225,161,64,1699040.0,1705494,755.0,199543.0,1239.3975155279504,11.73923914354378,0.04441712088810709,71.55555555555554
2026,36,223,161,62,1649660.0,1742833,88835.0,262197.0,1628.552795031056,15.081838026568958,5.109879522230435,72.19730941704036
