anio,semana,fuente,registros,tallos,tallos_estimados
2021,1,Produccion sin estimado,144,1485495,
2021,2,Produccion sin estimado,146,1471021,
2021,3,Produccion sin estimado,141,1315154,
2021,4,Produccion sin estimado,141,1201597,
2021,5,Produccion sin estimado,145,1084716,
2021,6,Produccion sin estimado,173,1215941,
2021,7,Produccion sin estimado,183,1159668,
2021,8,Produccion sin estimado,186,1000619,
2021,9,Produccion sin estimado,188,912221,
2021,10,Produccion sin estimado,197,1028006,
2021,11,Produccion sin estimado,195,1041428,
2021,12,Produccion sin estimado,197,1257204,
2021,13,Produccion sin estimado,194,1602198,
2021,14,Produccion sin estimado,192,1614963,
2021,15,Produccion sin estimado,187,2261226,
2021,16,Produccion sin estimado,184,2287551,
2021,17,Produccion sin estimado,169,1852627,
2021,18,Produccion sin estimado,160,2095841,
2021,19,Produccion sin estimado,147,1697264,
2021,20,Produccion sin estimado,144,1402589,
2021,21,Produccion sin estimado,142,1108805,
2021,22,Produccion sin estimado,143,1105414,
2021,23,Produccion sin estimado,144,1019348,
2021,24,Produccion sin estimado,145,1126380,
2021,25,Produccion sin estimado,151,1009842,
2021,26,Produccion sin estimado,155,1167300,
2021,27,Produccion sin estimado,160,1280977,
2021,28,Produccion sin estimado,165,1440966,
2021,29,Produccion sin estimado,172,1370247,
2021,30,Produccion sin estimado,181,1361780,
2021,31,Produccion sin estimado,183,1239543,
2021,32,Produccion sin estimado,190,1289948,
2021,33,Produccion sin estimado,190,1188387,
2021,34,Produccion sin estimado,193,1262824,
2021,35,Produccion sin estimado,196,1193531,
2021,36,Produccion sin estimado,199,1142456,
2021,37,Produccion sin estimado,202,1089770,
2021,38,Produccion sin estimado,192,1207166,
2021,39,Produccion sin estimado,159,1376790,
2021,40,Produccion sin estimado,158,1594169,
2021,41,Produccion sin estimado,159,1606472,
2021,42,Produccion sin estimado,163,3001379,
2021,43,Produccion sin estimado,166,1746450,
2021,44,Produccion sin estimado,157,1250941,
2021,45,Produccion sin estimado,156,1228848,
2021,46,Produccion sin estimado,156,1271609,
2021,47,Produccion sin estimado,156,1118794,
2021,48,Produccion sin estimado,157,1316374,
2021,49,Produccion sin estimado,158,1187265,
2021,50,Produccion sin estimado,157,1130281,
2021,51,Produccion sin estimado,156,1213734,
2021,52,Produccion sin estimado,156,1296884,
2022,1,Produccion sin estimado,153,1486514,
2022,2,Produccion sin estimado,152,1299157,
2022,3,Produccion sin estimado,152,1612764,
2022,4,Produccion sin estimado,151,1501935,
2022,5,Produccion sin estimado,179,1266587,
2022,7,Produccion sin estimado,206,1240345,
2022,8,Produccion sin estimado,206,1046128,
2022,9,Produccion sin estimado,197,1075833,
2022,10,Produccion sin estimado,211,1124616,
2022,11,Produccion sin estimado,207,1014483,
2022,12,Produccion sin estimado,200,1237282,
2022,13,Produccion sin estimado,191,1351701,
2022,14,Produccion sin estimado,193,1700725,
2022,15,Produccion sin estimado,184,1922840,
2022,16,Produccion sin estimado,169,1727067,
2022,17,Produccion sin estimado,168,1542606,
2022,18,Produccion sin estimado,165,1540334,
2022,19,Produccion sin estimado,168,1326826,
2022,20,Produccion sin estimado,166,1178040,
2022,21,Produccion sin estimado,169,1145892,
2022,22,Produccion sin estimado,165,1046544,
2022,23,Produccion sin estimado,160,1035927,
2022,24,Produccion sin estimado,169,1045884,
2022,25,Produccion sin estimado,174,990085,
2022,26,Produccion sin estimado,169,1064501,
2022,27,Produccion sin estimado,182,1187496,
2022,28,Produccion sin estimado,179,1302160,
2022,29,Produccion sin estimado,190,1268544,
2022,30,Produccion sin estimado,187,1312420,
2022,31,Produccion sin estimado,192,1353247,
2022,32,Produccion sin estimado,193,1215449,
2022,33,Produccion sin estimado,191,1356574,
2022,34,Produccion sin estimado,195,1004733,
2022,35,Produccion sin estimado,195,1135781,
2022,36,Produccion sin estimado,198,1199040,
2022,37,Produccion sin estimado,196,1241453,
2022,38,Produccion sin estimado,199,1277637,
2022,39,Produccion sin estimado,201,1355435,
2022,40,Produccion sin estimado,207,1403353,
2022,41,Produccion sin estimado,206,1322315,
2022,42,Produccion sin estimado,202,1376480,
2022,43,Produccion sin estimado,207,1465587,
2022,44,Produccion sin estimado,199,1491742,
2022,45,Produccion sin estimado,195,1290657,
2022,46,Produccion sin estimado,202,1422800,
2022,47,Produccion sin estimado,198,1716811,
2022,48,Produccion sin estimado,223,1426537,
2022,49,Produccion sin estimado,224,1239373,
2022,50,Produccion sin estimado,218,1130054,
2022,51,Produccion sin estimado,221,1172831,
2022,52,Produccion sin estimado,223,1350551,
2023,1,Estimado sin produccion,5,,3000.0
2023,1,Produccion sin estimado,71,19717,
2023,2,Estimado sin produccion,5,,2100.0
2023,2,Produccion sin estimado,67,17947,
2023,3,Estimado sin produccion,20,,82560.0
2023,3,Produccion sin estimado,8,6415,
2023,4,Produccion sin estimado,220,1557969,
2023,5,Estimado sin produccion,9,,3600.0
2023,5,Produccion sin estimado,65,17375,
2023,6,Estimado sin produccion,9,,3800.0
2023,6,Produccion sin estimado,69,15017,
2023,7,Estimado sin produccion,6,,4400.0
2023,7,Produccion sin estimado,70,16363,
2023,8,Estimado sin produccion,5,,4150.0
2023,8,Produccion sin estimado,76,23203,
2023,9,Estimado sin produccion,5,,4400.0
2023,9,Produccion sin estimado,68,21247,
2023,10,Estimado sin produccion,7,,3980.0
2023,10,Produccion sin estimado,67,21629,
2023,11,Estimado sin produccion,7,,81190.0
2023,11,Produccion sin estimado,68,18949,
2023,12,Estimado sin produccion,6,,4500.0
2023,12,Produccion sin estimado,58,20143,
2023,13,Estimado sin produccion,7,,5100.0
2023,13,Produccion sin estimado,49,16610,
2023,14,Estimado sin produccion,6,,4411.528167080063
2023,14,Produccion sin estimado,49,18176,
2023,15,Produccion sin estimado,192,2143530,
2023,16,Estimado sin produccion,7,,3694.0
2023,16,Produccion sin estimado,43,16524,
2023,17,Estimado sin produccion,7,,4210.0
2023,17,Produccion sin estimado,45,13351,
2023,18,Estimado sin produccion,8,,4630.0
2023,18,Produccion sin estimado,50,16870,
2023,19,Estimado sin produccion,8,,4570.0
2023,19,Produccion sin estimado,57,19596,
2023,20,Estimado sin produccion,10,,4050.0
2023,20,Produccion sin estimado,58,18887,
2023,21,Estimado sin produccion,12,,4390.0
2023,21,Produccion sin estimado,61,17492,
2023,22,Estimado sin produccion,13,,6200.0
2023,22,Produccion sin estimado,62,16953,
2023,23,Estimado sin produccion,13,,5940.0
2023,23,Produccion sin estimado,67,22527,
2023,24,Estimado sin produccion,15,,7580.0
2023,24,Produccion sin estimado,63,17845,
2023,25,Estimado sin produccion,14,,6200.0
2023,25,Produccion sin estimado,71,21148,
2023,26,Estimado sin produccion,14,,5600.0
2023,26,Produccion sin estimado,78,43298,
2023,27,Estimado sin produccion,15,,6250.0
2023,27,Produccion sin estimado,86,53394,
2023,28,Estimado sin produccion,15,,6600.0
2023,28,Produccion sin estimado,88,40593,
2023,29,Estimado sin produccion,15,,5600.0
2023,29,Produccion sin estimado,80,26131,
2023,30,Estimado sin produccion,15,,6600.0
2023,30,Produccion sin estimado,83,35744,
2023,31,Estimado sin produccion,14,,5400.0
2023,31,Produccion sin estimado,82,42435,
2023,32,Produccion sin estimado,235,1672650,
2023,33,Estimado sin produccion,8,,4728.0
2023,33,Produccion sin estimado,79,52180,
2023,34,Estimado sin produccion,8,,4200.0
2023,34,Produccion sin estimado,77,64025,
2023,35,Estimado sin produccion,8,,4000.0
2023,35,Produccion sin estimado,77,70827,
2023,36,Estimado sin produccion,7,,4250.0
2023,36,Produccion sin estimado,78,68304,
2023,37,Estimado sin produccion,6,,5780.0
2023,37,Produccion sin estimado,55,26314,
2023,38,Estimado sin produccion,6,,3940.0
2023,38,Produccion sin estimado,43,11146,
2023,39,Estimado sin produccion,7,,3870.0
2023,39,Produccion sin estimado,47,13654,
2023,40,Estimado sin produccion,8,,3950.0
2023,40,Produccion sin estimado,30,18406,
2023,41,Estimado sin produccion,9,,3950.0
2023,41,Produccion sin estimado,34,18479,
2023,42,Produccion sin estimado,203,1405485,
2023,43,Estimado sin produccion,6,,5987.5
2023,43,Produccion sin estimado,41,10278,
2023,44,Estimado sin produccion,5,,5210.0
2023,44,Produccion sin estimado,42,11815,
2023,45,Produccion sin estimado,206,1601631,
2023,46,Estimado sin produccion,6,,5320.0
2023,46,Produccion sin estimado,44,11956,
2023,47,Estimado sin produccion,6,,5385.0
2023,47,Produccion sin estimado,64,14304,
2023,48,Estimado sin produccion,6,,5420.0
2023,48,Produccion sin estimado,60,19421,
2023,49,Estimado sin produccion,7,,5280.0
2023,49,Produccion sin estimado,71,20551,
2023,50,Estimado sin produccion,9,,5390.0
2023,50,Produccion sin estimado,62,23550,
2023,51,Estimado sin produccion,11,,5890.0
2023,51,Produccion sin estimado,65,29532,
2023,52,Estimado sin produccion,13,,6300.0
2023,52,Produccion sin estimado,66,28137,
2024,1,Estimado sin produccion,13,,7050.0
2024,1,Produccion sin estimado,51,21634,
2024,2,Estimado sin produccion,13,,5860.0
2024,2,Produccion sin estimado,51,21266,
2024,3,Estimado sin produccion,13,,6010.0
2024,3,Produccion sin estimado,42,17038,
2024,4,Estimado sin produccion,13,,6180.0
2024,4,Produccion sin estimado,43,15740,
2024,5,Estimado sin produccion,15,,6480.0
2024,5,Produccion sin estimado,37,15753,
2024,6,Estimado sin produccion,14,,6270.0
2024,6,Produccion sin estimado,34,16470,
2024,7,Estimado sin produccion,16,,6570.0
2024,7,Produccion sin estimado,34,20264,
2024,8,Estimado sin produccion,21,,6350.0
2024,8,Produccion sin estimado,33,21041,
2024,9,Estimado sin produccion,22,,6120.0
2024,9,Produccion sin estimado,36,21591,
2024,10,Estimado sin produccion,23,,6040.0
2024,10,Produccion sin estimado,33,28156,
2024,11,Estimado sin produccion,24,,6350.0
2024,11,Produccion sin estimado,23,19481,
2024,12,Estimado sin produccion,24,,6150.0
2024,12,Produccion sin estimado,26,27733,
2024,13,Estimado sin produccion,25,,6190.0
2024,13,Produccion sin estimado,24,19849,
2024,14,Estimado sin produccion,28,,5850.0
2024,14,Produccion sin estimado,17,16626,
2024,15,Estimado sin produccion,32,,6380.0
2024,15,Produccion sin estimado,25,19187,
2024,16,Estimado sin produccion,32,,6160.0
2024,16,Produccion sin estimado,35,22429,
2024,17,Estimado sin produccion,32,,5890.0
2024,17,Produccion sin estimado,29,23307,
2024,18,Estimado sin produccion,31,,6100.0
2024,18,Produccion sin estimado,29,14577,
2024,19,Estimado sin produccion,31,,5930.0
2024,19,Produccion sin estimado,29,12629,
2024,20,Estimado sin produccion,33,,5800.0
2024,20,Produccion sin estimado,34,10976,
2024,21,Estimado sin produccion,34,,5890.0
2024,21,Produccion sin estimado,34,11932,
2024,22,Estimado sin produccion,37,,5660.0
2024,22,Produccion sin estimado,35,9896,
2024,23,Estimado sin produccion,35,,6170.0
2024,23,Produccion sin estimado,35,15607,
2024,24,Produccion sin estimado,199,1051100,
2024,25,Produccion sin estimado,194,1233765,
2024,26,Estimado sin produccion,32,,6700.0
2024,26,Produccion sin estimado,35,31271,
2024,27,Estimado sin produccion,35,,6130.0
2024,27,Produccion sin estimado,29,33223,
2024,28,Estimado sin produccion,33,,6860.0
2024,28,Produccion sin estimado,34,28873,
2024,29,Estimado sin produccion,33,,6780.0
2024,29,Produccion sin estimado,27,21774,
2024,30,Estimado sin produccion,33,,6880.0
2024,30,Produccion sin estimado,25,21357,
2024,31,Estimado sin produccion,34,,5610.0
2024,31,Produccion sin estimado,22,20851,
2024,32,Estimado sin produccion,32,,1230.0
2024,32,Produccion sin estimado,16,15658,
2024,33,Produccion sin estimado,186,1246793,
2024,34,Estimado sin produccion,32,,1910.0
2024,34,Produccion sin estimado,20,15765,
2024,35,Estimado sin produccion,17,,130.0
2024,35,Produccion sin estimado,21,17183,
2024,36,Estimado sin produccion,24,,1300.0
2024,36,Produccion sin estimado,14,25923,
2024,37,Estimado sin produccion,24,,0.0
2024,37,Produccion sin estimado,15,28489,
2024,38,Estimado sin produccion,23,,100.0
2024,38,Produccion sin estimado,15,30598,
2024,39,Estimado sin produccion,23,,0.0
2024,39,Produccion sin estimado,16,28365,
2024,40,Estimado sin produccion,20,,80.0
2024,40,Produccion sin estimado,8,5355,
2024,41,Estimado sin produccion,18,,0.0
2024,41,Produccion sin estimado,12,6780,
2024,42,Estimado sin produccion,18,,10.0
2024,42,Produccion sin estimado,11,6109,
2024,43,Estimado sin produccion,18,,70.0
2024,43,Produccion sin estimado,11,7156,
2024,44,Estimado sin produccion,2,,0.0
2024,44,Produccion sin estimado,16,7141,
2024,45,Estimado sin produccion,5,,140.0
2024,45,Produccion sin estimado,7,4601,
2024,46,Estimado sin produccion,3,,200.0
2024,46,Produccion sin estimado,7,2645,
2024,47,Estimado sin produccion,3,,0.0
2024,47,Produccion sin estimado,16,5270,
2024,48,Estimado sin produccion,4,,350.0
2024,48,Produccion sin estimado,8,4148,
2024,49,Estimado sin produccion,6,,0.0
2024,49,Produccion sin estimado,10,5102,
2024,50,Estimado sin produccion,12,,0.0
2024,50,Produccion sin estimado,9,5641,
2024,51,Estimado sin produccion,10,,0.0
2024,51,Produccion sin estimado,13,8223,
2024,52,Estimado sin produccion,7,,200.0
2024,52,Produccion sin estimado,21,12132,
2025,1,Estimado sin produccion,2,,10530.0
2025,1,Produccion sin estimado,28,16181,
2025,2,Estimado sin produccion,2,,13490.0
2025,2,Produccion sin estimado,36,20920,
2025,3,Estimado sin produccion,4,,19930.0
2025,3,Produccion sin estimado,41,27332,
2025,4,Estimado sin produccion,3,,4200.0
2025,4,Produccion sin estimado,40,20701,
2025,5,Estimado sin produccion,4,,50.0
2025,5,Produccion sin estimado,39,12677,
2025,6,Estimado sin produccion,4,,0.0
2025,6,Produccion sin estimado,39,14283,
2025,7,Estimado sin produccion,2,,0.0
2025,7,Produccion sin estimado,41,11747,
2025,8,Estimado sin produccion,4,,670.0
2025,8,Produccion sin estimado,38,14306,
2025,9,Estimado sin produccion,4,,0.0
2025,9,Produccion sin estimado,37,16716,
2025,10,Estimado sin produccion,4,,0.0
2025,10,Produccion sin estimado,33,5701,
2025,11,Estimado sin produccion,6,,100.0
2025,11,Produccion sin estimado,32,5445,
2025,12,Estimado sin produccion,5,,0.0
2025,12,Produccion sin estimado,29,4503,
2025,13,Estimado sin produccion,5,,0.0
2025,13,Produccion sin estimado,28,4094,
2025,14,Estimado sin produccion,2,,0.0
2025,14,Produccion sin estimado,22,3197,
2025,15,Estimado sin produccion,3,,0.0
2025,15,Produccion sin estimado,18,3053,
2025,16,Estimado sin produccion,3,,100.0
2025,16,Produccion sin estimado,15,5859,
2025,17,Estimado sin produccion,3,,31.0
2025,17,Produccion sin estimado,11,6579,
2025,18,Estimado sin produccion,3,,0.0
2025,18,Produccion sin estimado,11,6138,
2025,19,Estimado sin produccion,3,,319.0
2025,19,Produccion sin estimado,14,4369,
2025,20,Estimado sin produccion,4,,61.0
2025,20,Produccion sin estimado,13,5274,
2025,21,Estimado sin produccion,4,,0.0
2025,21,Produccion sin estimado,11,1856,
2025,22,Estimado sin produccion,1,,0.0
2025,22,Produccion sin estimado,12,3051,
2025,23,Estimado sin produccion,4,,0.0
2025,23,Produccion sin estimado,15,2402,
2025,24,Estimado sin produccion,3,,0.0
2025,24,Produccion sin estimado,21,3331,
2025,25,Estimado sin produccion,4,,0.0
2025,25,Produccion sin estimado,15,2949,
2025,26,Estimado sin produccion,4,,0.0
2025,26,Produccion sin estimado,20,4696,
2025,27,Estimado sin produccion,6,,290.0
2025,27,Produccion sin estimado,33,9739,
2025,28,Estimado sin produccion,7,,588.0
2025,28,Produccion sin estimado,26,3716,
2025,29,Estimado sin produccion,7,,514.0
2025,29,Produccion sin estimado,29,5065,
2025,30,Estimado sin produccion,7,,735.0
2025,30,Produccion sin estimado,32,6335,
2025,31,Estimado sin produccion,8,,691.0
2025,31,Produccion sin estimado,33,6327,
2025,32,Estimado sin produccion,7,,0.0
2025,32,Produccion sin estimado,30,6627,
2025,33,Produccion sin estimado,202,1503934,
2025,34,Produccion sin estimado,204,1587157,
2025,35,Estimado sin produccion,9,,590.0
2025,35,Produccion sin estimado,34,8440,
2025,36,Estimado sin produccion,12,,540.0
2025,36,Produccion sin estimado,34,7775,
2025,37,Estimado sin produccion,12,,270.0
2025,37,Produccion sin estimado,33,6751,
2025,38,Estimado sin produccion,13,,260.0
2025,38,Produccion sin estimado,40,8245,
2025,39,Estimado sin produccion,13,,210.0
2025,39,Produccion sin estimado,36,7203,
2025,40,Estimado sin produccion,12,,200.0
2025,40,Produccion sin estimado,39,10719,
2025,41,Produccion sin estimado,211,1646023,
2025,42,Produccion sin estimado,212,1672698,
2025,43,Estimado sin produccion,17,,260.0
2025,43,Produccion sin estimado,41,5194,
2025,44,Estimado sin produccion,15,,340.0
2025,44,Produccion sin estimado,44,4922,
2025,45,Estimado sin produccion,15,,270.0
2025,45,Produccion sin estimado,28,4431,
2025,46,Estimado sin produccion,19,,1670.0
2025,46,Produccion sin estimado,57,6206,
2025,47,Estimado sin produccion,21,,1850.0
2025,47,Produccion sin estimado,61,8361,
2025,48,Estimado sin produccion,21,,1450.0
2025,48,Produccion sin estimado,63,9957,
2025,49,Estimado sin produccion,23,,1000.0
2025,49,Produccion sin estimado,64,12204,
2025,50,Produccion sin estimado,233,1376563,
2025,51,Estimado sin produccion,23,,420.0
2025,51,Produccion sin estimado,62,11166,
2025,52,Estimado sin produccion,23,,250.0
2025,52,Produccion sin estimado,63,8850,
2026,1,Estimado sin produccion,23,,120.0
2026,1,Produccion sin estimado,64,8165,
2026,2,Produccion sin estimado,233,1402826,
2026,3,Estimado sin produccion,23,,40.0
2026,3,Produccion sin estimado,64,7500,
2026,4,Estimado sin produccion,23,,50.0
2026,4,Produccion sin estimado,62,9451,
2026,5,Estimado sin produccion,23,,60.0
2026,5,Produccion sin estimado,55,7166,
2026,6,Estimado sin produccion,26,,60.0
2026,6,Produccion sin estimado,44,6772,
2026,7,Estimado sin produccion,28,,80.0
2026,7,Produccion sin estimado,43,7495,
2026,8,Estimado sin produccion,28,,1010.0
2026,8,Produccion sin estimado,72,7168,
2026,9,Estimado sin produccion,30,,1320.0
2026,9,Produccion sin estimado,72,7816,
2026,10,Estimado sin produccion,31,,270.0
2026,10,Produccion sin estimado,65,9396,
2026,11,Estimado sin produccion,31,,160.0
2026,11,Produccion sin estimado,66,9299,
2026,12,Estimado sin produccion,33,,190.0
2026,12,Produccion sin estimado,66,10244,
2026,13,Estimado sin produccion,32,,190.0
2026,13,Produccion sin estimado,70,8447,
2026,14,Estimado sin produccion,32,,210.0
2026,14,Produccion sin estimado,75,9458,
2026,15,Estimado sin produccion,32,,180.0
2026,15,Produccion sin estimado,69,10503,
2026,16,Estimado sin produccion,34,,860.0
2026,16,Produccion sin estimado,69,11160,
2026,17,Produccion sin estimado,224,2080953,
2026,18,Estimado sin produccion,36,,120.0
2026,18,Produccion sin estimado,74,10331,
2026,19,Estimado sin produccion,37,,120.0
2026,19,Produccion sin estimado,75,13959,
2026,20,Estimado sin produccion,39,,190.0
2026,20,Produccion sin estimado,72,11074,
2026,21,Estimado sin produccion,40,,230.0
2026,21,Produccion sin estimado,78,12585,
2026,22,Estimado sin produccion,41,,280.0
2026,22,Produccion sin estimado,70,12227,
2026,23,Estimado sin produccion,40,,0.0
2026,23,Produccion sin estimado,23,11751,
2026,24,Estimado sin produccion,41,,280.0
2026,24,Produccion sin estimado,34,13450,
2026,25,Estimado sin produccion,42,,470.0
2026,25,Produccion sin estimado,24,11304,
2026,26,Estimado sin produccion,42,,0.0
2026,26,Produccion sin estimado,30,14848,
2026,27,Estimado sin produccion,42,,0.0
2026,27,Produccion sin estimado,23,11433,
2026,28,Estimado sin produccion,42,,0.0
2026,28,Produccion sin estimado,24,14082,
2026,29,Estimado sin produccion,42,,0.0
2026,29,Produccion sin estimado,33,14365,
2026,30,Estimado sin produccion,42,,0.0
2026,30,Produccion sin estimado,24,14268,
2026,31,Estimado sin produccion,42,,40.0
2026,31,Produccion sin estimado,23,13519,
2026,32,Estimado sin produccion,42,,0.0
2026,32,Produccion sin estimado,20,4861,
2026,33,Estimado sin produccion,42,,0.0
2026,33,Produccion sin estimado,21,6447,
2026,34,Estimado sin produccion,42,,0.0
2026,34,Produccion sin estimado,20,4767,
2026,35,Estimado sin produccion,42,,0.0
2026,35,Produccion sin estimado,22,5699,
2026,36,Estimado sin produccion,42,,0.0
2026,36,Produccion sin estimado,20,4338,
